{
  "generated": "2025-12-30T06:35:17.401Z",
  "engine": "CCR-v1 (subgraph-style)",
  "formula": "Position tracking + weighted avg cost basis + position protection",
  "processed": 50,
  "profitable_count": 20,
  "wallets": [
    {
      "wallet": "0x26437896ed9dfeb2f69765edcafe8fdceaab39ae",
      "markets": 27,
      "trades": 958,
      "volume": 7448930.204974,
      "active_days": 28,
      "trades_per_day": 34.2,
      "avg_trade_size": 7775.5,
      "realized_pnl": 440658.1800763393,
      "unrealized_pnl": 0,
      "total_pnl": 440658.1800763393,
      "win_count": 16,
      "loss_count": 13,
      "resolved_positions": 29,
      "win_rate": 0.5517241379310345,
      "profit_factor": 1.1053395316129444,
      "gross_gains": 4623875.755938341,
      "gross_losses": 4183217.5758620007,
      "velocity_30d": 34.2,
      "v_score": 273.22015857330285,
      "ccr1_trades": 2050
    },
    {
      "wallet": "0x07c846584cbf796aea720bb41e674e6734fc2696",
      "markets": 96,
      "trades": 1924,
      "volume": 2703853.807426,
      "active_days": 31,
      "trades_per_day": 62.1,
      "avg_trade_size": 1405.33,
      "realized_pnl": 153377.71037576138,
      "unrealized_pnl": 0,
      "total_pnl": 153377.71037576138,
      "win_count": 53,
      "loss_count": 40,
      "resolved_positions": 93,
      "win_rate": 0.5698924731182796,
      "profit_factor": 1.852309542611574,
      "gross_gains": 333333.1170767054,
      "gross_losses": 179955.406700944,
      "velocity_30d": 62.1,
      "v_score": 791.5716089954469,
      "ccr1_trades": 1036
    },
    {
      "wallet": "0xc660ae71765d0d9eaf5fa8328c1c959841d2bd28",
      "markets": 219,
      "trades": 1593,
      "volume": 4181034.151044,
      "active_days": 31,
      "trades_per_day": 51.4,
      "avg_trade_size": 2624.63,
      "realized_pnl": 146104.87415031012,
      "unrealized_pnl": 0,
      "total_pnl": 146104.87415031012,
      "win_count": 129,
      "loss_count": 125,
      "resolved_positions": 254,
      "win_rate": 0.5078740157480315,
      "profit_factor": 1.1542935382807933,
      "gross_gains": 1093032.8905695004,
      "gross_losses": 946928.0164189999,
      "velocity_30d": 51.4,
      "v_score": 395.9385937998054,
      "ccr1_trades": 1146
    },
    {
      "wallet": "0xcc3f8218a2dc3da410ba88b2f2883af7b18a5c6f",
      "markets": 65,
      "trades": 732,
      "volume": 671702.688423,
      "active_days": 27,
      "trades_per_day": 27.1,
      "avg_trade_size": 917.63,
      "realized_pnl": 80367.054494,
      "unrealized_pnl": 0,
      "total_pnl": 80367.054494,
      "win_count": 37,
      "loss_count": 42,
      "resolved_positions": 79,
      "win_rate": 0.46835443037974683,
      "profit_factor": 1.3747539020095365,
      "gross_gains": 294819.93694045127,
      "gross_losses": 214452.88244645123,
      "velocity_30d": 27.1,
      "v_score": 210.22620976739398,
      "ccr1_trades": 897
    },
    {
      "wallet": "0x1d56cdc458f373847e1e5ee31090c76abb747486",
      "markets": 37,
      "trades": 2461,
      "volume": 1323511.79022,
      "active_days": 30,
      "trades_per_day": 82,
      "avg_trade_size": 537.79,
      "realized_pnl": 63854.33618999999,
      "unrealized_pnl": 0,
      "total_pnl": 63854.33618999999,
      "win_count": 21,
      "loss_count": 15,
      "resolved_positions": 36,
      "win_rate": 0.5833333333333334,
      "profit_factor": 1.445128077570226,
      "gross_gains": 207388.152883,
      "gross_losses": 143508.49319300003,
      "velocity_30d": 82,
      "v_score": 785.8801819000641,
      "ccr1_trades": 814
    },
    {
      "wallet": "0xe258a1d0b72a40d6ec8f4ac9432a4275ff092330",
      "markets": 49,
      "trades": 2602,
      "volume": 1117047.849712,
      "active_days": 31,
      "trades_per_day": 83.9,
      "avg_trade_size": 429.3,
      "realized_pnl": 39941.39010639302,
      "unrealized_pnl": -33.30000000000001,
      "total_pnl": 39908.090106393014,
      "win_count": 20,
      "loss_count": 30,
      "resolved_positions": 50,
      "win_rate": 0.4,
      "profit_factor": 1.248302767154835,
      "gross_gains": 200799.00182422827,
      "gross_losses": 160857.61171698332,
      "velocity_30d": 83.9,
      "v_score": 570.0873023903482,
      "ccr1_trades": 1835
    },
    {
      "wallet": "0xc94a2031b8b4cc4cf77eac0fd0e0b982b7b29401",
      "markets": 69,
      "trades": 1188,
      "volume": 1441717.913754,
      "active_days": 31,
      "trades_per_day": 38.3,
      "avg_trade_size": 1213.57,
      "realized_pnl": 30636.480638114022,
      "unrealized_pnl": 0,
      "total_pnl": 30636.480638114022,
      "win_count": 34,
      "loss_count": 33,
      "resolved_positions": 67,
      "win_rate": 0.5074626865671642,
      "profit_factor": 1.4079541220995069,
      "gross_gains": 105734.33840811398,
      "gross_losses": 75097.85777,
      "velocity_30d": 38.3,
      "v_score": 334.5939100632373,
      "ccr1_trades": 322
    },
    {
      "wallet": "0x7d0a771ddd2c63255013a1efb5f0e42659b38c6c",
      "markets": 48,
      "trades": 674,
      "volume": 786836.826532,
      "active_days": 28,
      "trades_per_day": 24.1,
      "avg_trade_size": 1167.41,
      "realized_pnl": 11627.511615771187,
      "unrealized_pnl": -27787.67725061622,
      "total_pnl": -16160.165634845032,
      "win_count": 18,
      "loss_count": 5,
      "resolved_positions": 23,
      "win_rate": 0.782608695652174,
      "profit_factor": 9.560887338439608,
      "gross_gains": 12274.3762548133,
      "gross_losses": 1283.81141,
      "velocity_30d": 24.1,
      "v_score": 364.49387863649144,
      "ccr1_trades": 628
    },
    {
      "wallet": "0xee324b84546110f1fa5d4b2558edb179c3a4463a",
      "markets": 76,
      "trades": 1334,
      "volume": 1270101.428519,
      "active_days": 31,
      "trades_per_day": 43,
      "avg_trade_size": 952.1,
      "realized_pnl": 10915.833734213975,
      "unrealized_pnl": -19632.34041963108,
      "total_pnl": -8716.506685417105,
      "win_count": 56,
      "loss_count": 20,
      "resolved_positions": 76,
      "win_rate": 0.7368421052631579,
      "profit_factor": 26.519773397630242,
      "gross_gains": 11300.22222361912,
      "gross_losses": 426.1055346961934,
      "velocity_30d": 43,
      "v_score": 649.2556898171958,
      "ccr1_trades": 616
    },
    {
      "wallet": "0xda5fff24aa9d889d6366da205029c73093102e9b",
      "markets": 243,
      "trades": 2610,
      "volume": 1606450.159431,
      "active_days": 29,
      "trades_per_day": 90,
      "avg_trade_size": 615.5,
      "realized_pnl": 10563.150019526605,
      "unrealized_pnl": 0,
      "total_pnl": 10563.150019526605,
      "win_count": 159,
      "loss_count": 132,
      "resolved_positions": 291,
      "win_rate": 0.5463917525773195,
      "profit_factor": 1.0974303250891986,
      "gross_gains": 118980.62691756517,
      "gross_losses": 108417.47689803859,
      "velocity_30d": 90,
      "v_score": 641.3812724353193,
      "ccr1_trades": 1709
    },
    {
      "wallet": "0x4b2995b6c8cc2cf56899ad62ee87c3f70c97716f",
      "markets": 98,
      "trades": 1227,
      "volume": 663147.638278,
      "active_days": 31,
      "trades_per_day": 39.6,
      "avg_trade_size": 540.46,
      "realized_pnl": 5389.229784563488,
      "unrealized_pnl": -308005.255112585,
      "total_pnl": -302616.0253280215,
      "win_count": 17,
      "loss_count": 0,
      "resolved_positions": 17,
      "win_rate": 1,
      "profit_factor": 99,
      "gross_gains": 3159.595110000009,
      "gross_losses": 0,
      "velocity_30d": 39.6,
      "v_score": 691.607372802264,
      "ccr1_trades": 1283
    },
    {
      "wallet": "0x6ea6e1d28acc1c393b8fbf360c06d71a99a39261",
      "markets": 41,
      "trades": 1267,
      "volume": 815838.461922,
      "active_days": 29,
      "trades_per_day": 43.7,
      "avg_trade_size": 643.91,
      "realized_pnl": 3228.9289630611784,
      "unrealized_pnl": -163391.13977160433,
      "total_pnl": -160162.21080854314,
      "win_count": 10,