{
  "generated_at": "2025-12-03T21:12:59.388Z",
  "formula": "total_pnl = sum(usdc_delta) + sum(token_delta * resolution_price)",
  "summary": {
    "v18": {
      "median_err": 0.10317280453256944,
      "pass_1pct": 14
    },
    "clob_only": {
      "median_err": 0.05505092210266046,
      "pass_1pct": 15
    },
    "clob_mapped": {
      "median_err": 0.15479876161002756,
      "pass_1pct": 14
    },
    "all_sources": {
      "median_err": 0.6993006993007258,
      "pass_1pct": 12
    }
  },
  "by_class": {
    "clob_only": {
      "count": 5,
      "v18_median_err": 0.10317280453256944,
      "v19_clob_only_median_err": 0
    },
    "mixed_ctf_clob": {
      "count": 18,
      "v18_median_err": 0.1557306985290689,
      "v19_clob_only_median_err": 0.36764705882352156
    }
  },
  "results": [
    {
      "wallet": "0x62fadaf110588be0d8fcf2c711bae31051bb50a9",
      "username": "Anon12345678910",
      "walletClass": "clob_only",
      "ui": -257.14,
      "v18": -257.142855,
      "v18Err": 0.0011102901143388553,
      "clobOnly": -257.14,
      "clobOnlyErr": 0,
      "clobMapped": -257.14,
      "clobMappedErr": 0,
      "allSources": -257.14,
      "allSourcesErr": 0,
      "unmapped": 0
    },
    {
      "wallet": "0xddb0da09ebc2c869defe6a04a1fff287a17066b1",
      "username": "raymond-non",
      "walletClass": "clob_only",
      "ui": -3.53,
      "v18": -3.526358,
      "v18Err": 0.10317280453256944,
      "clobOnly": -3.5300000000000002,
      "clobOnlyErr": 1.2580430873939451e-14,
      "clobMapped": -3.5300000000000002,
      "clobMappedErr": 1.2580430873939451e-14,
      "allSources": -3.5300000000000002,
      "allSourcesErr": 1.2580430873939451e-14,
      "unmapped": 0
    },
    {
      "wallet": "0x71f35ad776798cd817f95bec30f87517ca7abba4",
      "username": "mrblackswan",
      "walletClass": "mixed_ctf_clob",
      "ui": -181.54,
      "v18": -181.54279500000004,
      "v18Err": 0.001539605596589584,
      "clobOnly": -181.52,
      "clobOnlyErr": 0.011016855789347699,
      "clobMapped": -181.52,
      "clobMappedErr": 0.011016855789347699,
      "allSources": -172.52,
      "allSourcesErr": 4.968601961000321,
      "unmapped": 0
    },
    {
      "wallet": "0x50aa70b914e3bef42cbae3590b79ba646a52307c",
      "username": "fasdfdf",
      "walletClass": "mixed_ctf_clob",
      "ui": -4.29,
      "v18": -4.289348499999953,
      "v18Err": 0.015186480187578101,
      "clobOnly": -4.320000000000001,
      "clobOnlyErr": 0.6993006993007258,
      "clobMapped": -4.32,
      "clobMappedErr": 0.6993006993007052,
      "allSources": -4.320000000000001,
      "allSourcesErr": 0.6993006993007258,
      "unmapped": 0
    },
    {
      "wallet": "0xff9bb694f01de4137f7c4eed88fb651457a22768",
      "username": "brucemays",
      "walletClass": "mixed_ctf_clob",
      "ui": 6.46,
      "v18": 6.454814999999985,
      "v18Err": 0.0802631578949705,
      "clobOnly": 6.4499999999999975,
      "clobOnlyErr": 0.15479876160994507,
      "clobMapped": 6.449999999999992,
      "clobMappedErr": 0.15479876161002756,
      "allSources": 64.82,
      "allSourcesErr": 903.4055727554179,
      "unmapped": 0
    },
    {
      "wallet": "0x355fc316d3892e238e09862291ab51c7784af50e",
      "username": "0x355Fc316d3892E238e09862291Ab51C7784Af50e-1761551225434",
      "walletClass": "mixed_ctf_clob",
      "ui": -7.45,
      "v18": -7.854280000000942,
      "v18Err": 5.42657718122069,
      "clobOnly": -17.450000000000003,
      "clobOnlyErr": 134.22818791946312,
      "clobMapped": -7.8500000000000005,
      "clobMappedErr": 5.369127516778528,
      "allSources": -17.450000000000003,
      "allSourcesErr": 134.22818791946312,
      "unmapped": 1
    },
    {
      "wallet": "0x9291310143ba48e37646add06624792a6ba34b99",
      "username": "comic11",
      "walletClass": "mixed_ctf_clob",
      "ui": 2.41,
      "v18": 2.230019999999996,
      "v18Err": 7.4680497925312865,
      "clobOnly": -57.589999999999996,
      "clobOnlyErr": 2489.626556016597,
      "clobMapped": 2.23,
      "clobMappedErr": 7.4688796680498,
      "allSources": -57.589999999999996,
      "allSourcesErr": 2489.626556016597,
      "unmapped": 1
    },
    {
      "wallet": "0xf76fadc025934138db2453759be73515cf0e0b05",
      "username": "Menti2-9",
      "walletClass": "mixed_ctf_clob",
      "ui": 98.04,
      "v18": 80.9820805,
      "v18Err": 17.398938698490422,
      "clobOnly": 63.24,
      "clobOnlyErr": 35.49571603427173,
      "clobMapped": 63.24000000000001,
      "clobMappedErr": 35.495716034271716,
      "allSources": 63.239999999999995,
      "allSourcesErr": 35.49571603427174,
      "unmapped": 0
    },
    {
      "wallet": "0x96aa407853fe935c03e80188573d4366f188b05f",
      "username": "fSclUbAczC9a1Pthi",
      "walletClass": "clob_only",
      "ui": -0.38,
      "v18": -0.4086699999999972,
      "v18Err": 7.544736842104525,
      "clobOnly": -0.38,
      "clobOnlyErr": 0,
      "clobMapped": -0.38000000000000006,
      "clobMappedErr": 1.4608197692436272e-14,
      "allSources": -0.38000000000000006,
      "allSourcesErr": 1.4608197692436272e-14,
      "unmapped": 0
    },
    {
      "wallet": "0x6a8ab02581be2c9ba3cdb59eeba25a481ee38a70",
      "username": "0x6a8AB02581Be2C9BA3cdb59eeba25A481EE38A70-1734934223324",
      "walletClass": "mixed_ctf_clob",
      "ui": 261.88,
      "v18": -35.72020200000001,
      "v18Err": 113.63991217351459,
      "clobOnly": -358.15999999999997,
      "clobOnlyErr": 236.7649305025202,
      "clobMapped": -35.75999999999999,
      "clobMappedErr": 113.65510921032534,
      "allSources": -338.15999999999997,
      "allSourcesErr": 229.1278448144188,
      "unmapped": 1
    },
    {
      "wallet": "0x8bd71f723fc31f5bfff8a2210628f9ab67b949a5",
      "username": "0x8BD71F723Fc31f5BfFF8A2210628f9aB67B949A5-1735711206461",
      "walletClass": "clob_only",
      "ui": -0.38,
      "v18": -0.38302400000001313,
      "v18Err": 0.795789473687665,
      "clobOnly": -0.43,
      "clobOnlyErr": 13.157894736842103,
      "clobMapped": -0.43000000000000005,
      "clobMappedErr": 13.157894736842115,
      "allSources": -0.43000000000000005,
      "allSourcesErr": 13.157894736842115,
      "unmapped": 0
    },
    {
      "wallet": "0x46974fd1e24033e8a5eb2018045361d65e88d04b",
      "username": "monica73",
      "walletClass": "mixed_ctf_clob",
      "ui": -142.14,
      "v18": -152.80457299999995,
      "v18Err": 7.502865484733336,
      "clobOnly": -142.15999999999997,
      "clobOnlyErr": 0.014070634585607015,
      "clobMapped": -152.81,
      "clobMappedErr": 7.506683551428181,
      "allSources": -142.16000000000003,
      "allSourcesErr": 0.014070634585647005,
      "unmapped": 1
    },
    {
      "wallet": "0xcd52dec54f79dc0f9e52e6d397f5d6b19f537915",
      "username": "john.jackson",
      "walletClass": "mixed_ctf_clob",
      "ui": -10.88,
      "v18": -10.896943499999963,
      "v18Err": 0.1557306985290689,
      "clobOnly": -10.92,
      "clobOnlyErr": 0.36764705882352156,
      "clobMapped": -10.92,
      "clobMappedErr": 0.36764705882352156,
      "allSources": -10.92,
      "allSourcesErr": 0.36764705882352156,
      "unmapped": 0
    },
    {
      "wallet": "0xa05b5c28555dab8746b0c7b87976dd49f64170e8",
      "username": "1ZcM2KdGIyjF7ms7v",
      "walletClass": "mixed_ctf_clob",
      "ui": -15.75,
      "v18": -15.75358300000002,
      "v18Err": 0.022749206349335364,
      "clobOnly": -15.75,
      "clobOnlyErr": 0,
      "clobMapped": -15.75,
      "clobMappedErr": 0,
      "allSources": -15.750000000000002,
      "allSourcesErr": 1.1278456123176193e-14,
      "unmapped": 0
    },
    {
      "wallet": "0xcc1b2202ac3ba125a74c50ca9fba24d6a4d36319",
      "username": "0xCc1B2202aC3ba125a74c50Ca9fBa24D6A4D36319-1731607988049",
      "walletClass": "mixed_ctf_clob",
      "ui": -77.24,
      "v18": -77.244895,
      "v18Err": 0.006337389953398184,
      "clobOnly": -77.25,
      "clobOnlyErr": 0.012946659761788083,